[{
		"domain": "hit.yuketang.cn",
		"name": "sessionid",
		"path": "/",
		"value": "hi02iq8ehdwl5q5txwcixlrjdw3pp9g2"
	},
	{
		"domain": "hit.yuketang.cn",
		"name": "csrftoken",
		"path": "/",
		"value": "fzbYQfMAyui8j0CQRRaPze0fFA1emawT"
	},
	{
		"domain": "hit.yuketang.cn",
		"name": "platform_id",
		"path": "/",
		"value": "3"
	},
	{
		"domain": "hit.yuketang.cn",
		"name": "university_id",
		"path": "/",
		"value": "2860"
	},
	{
		"domain": "hit.yuketang.cn",
		"name": "user_role",
		"path": "/",
		"value": "3"
	}
]